<?xml version="1.0" encoding="UTF-8"?>
<payment-settings xmlns="http://www.demandware.com/xml/impex/paymentsettings/2009-09-15">
    <payment-method method-id="CREDIT_CARD">
        <name xml:lang="x-default">Credit Card</name>
        <enabled-flag>true</enabled-flag>
        <processor-id>SONY_PAYMENT</processor-id>
    </payment-method>

    <payment-card card-type="Visa">
        <name xml:lang="x-default">Visa</name>
        <enabled-flag>true</enabled-flag>
        <card-number-settings>
            <enable-checksum-verification>false</enable-checksum-verification>
            <number-length>
                <length>13</length>
                <length>16</length>
            </number-length>
            <number-prefix>
                <prefix>4</prefix>
            </number-prefix>
        </card-number-settings>
        <security-code-length>0</security-code-length>
    </payment-card>

    <payment-card card-type="Amex">
        <name xml:lang="x-default">American Express</name>
        <enabled-flag>true</enabled-flag>
        <card-number-settings>
            <enable-checksum-verification>false</enable-checksum-verification>
            <number-length>
                <length>15</length>
            </number-length>
            <number-prefix>
                <prefix>34</prefix>
                <prefix>37</prefix>
            </number-prefix>
        </card-number-settings>
        <security-code-length>0</security-code-length>
    </payment-card>

    <payment-card card-type="Master">
        <name xml:lang="x-default">Master Card</name>
        <enabled-flag>true</enabled-flag>
        <card-number-settings>
            <enable-checksum-verification>false</enable-checksum-verification>
            <number-length>
                <length>16</length>
            </number-length>
            <number-prefix>
                <prefix>51-55</prefix>
            </number-prefix>
        </card-number-settings>
        <security-code-length>3</security-code-length>
    </payment-card>

    <payment-card card-type="Discover">
        <name xml:lang="x-default">Discover</name>
        <enabled-flag>false</enabled-flag>
        <card-number-settings>
            <enable-checksum-verification>true</enable-checksum-verification>
            <number-length>
                <length>16</length>
            </number-length>
            <number-prefix>
                <prefix>6011</prefix>
                <prefix>622126-622925</prefix>
                <prefix>644-649</prefix>
                <prefix>65</prefix>
            </number-prefix>
        </card-number-settings>
        <security-code-length>3</security-code-length>
        <countries>
            <country country-code="US"/>
        </countries>
    </payment-card>

    <payment-card card-type="Diners">
        <name xml:lang="x-default">Diners Club International</name>
        <enabled-flag>true</enabled-flag>
        <card-number-settings>
            <enable-checksum-verification>false</enable-checksum-verification>
            <number-length>
                <length>14</length>
            </number-length>
            <number-prefix>
                <prefix>30</prefix>
                <prefix>36</prefix>
                <prefix>38</prefix>
            </number-prefix>
        </card-number-settings>
        <security-code-length>3</security-code-length>
    </payment-card>

    <payment-card card-type="JCB">
        <name xml:lang="x-default">JCB</name>
        <enabled-flag>true</enabled-flag>
        <card-number-settings>
            <enable-checksum-verification>false</enable-checksum-verification>
            <number-length>
                <length>16</length>
            </number-length>
            <number-prefix>
                <prefix>3</prefix>
            </number-prefix>
        </card-number-settings>
        <security-code-length>3</security-code-length>
    </payment-card>

</payment-settings>
