<?xml version="1.0" encoding="UTF-8"?>
<preferences xmlns="http://www.demandware.com/xml/impex/preferences/2007-03-31">
    <standard-preferences>
        <all-instances>
            <preference preference-id="ActiveLocales">ja_JP:ja</preference>
            <preference preference-id="CustomCartridges">bm_custom_plugin:bm_sonypaymentorders_sfra:int_controllers:int_sonypayment_sfra</preference>
            <preference preference-id="CustomImpexFolders"/>
            <preference preference-id="CustomProductListColumns">null:null:null:null:null</preference>
            <preference preference-id="DefaultRolesBMUser"/>
            <preference preference-id="EnableSalesforceIPAddressWhitelist">false</preference>
            <preference preference-id="EnforceHTTPS">false</preference>
            <preference preference-id="IPAddressBlacklist"/>
            <preference preference-id="IPAddressDenyAccess">false</preference>
            <preference preference-id="IPAddressIncreaseFailureCount">false</preference>
            <preference preference-id="IPAddressLogAccess">false</preference>
            <preference preference-id="IPAddressSendEmailTo"/>
            <preference preference-id="IPAddressWhitelist"/>
            <preference preference-id="InstanceTimezone">US/Eastern</preference>
            <preference preference-id="SystemUseNotificationEnabled">false</preference>
            <preference preference-id="SystemUseNotificationMandatory">false</preference>
        </all-instances>
        <development/>
        <staging/>
        <production/>
    </standard-preferences>
    <custom-preferences>
        <all-instances/>
        <development/>
        <staging/>
        <production/>
    </custom-preferences>
</preferences>

