<?xml version="1.0" encoding="UTF-8"?>
<metadata xmlns="http://www.demandware.com/xml/impex/metadata/2006-10-31">

	<type-extension type-id="CustomerPaymentInstrument">
        <custom-attribute-definitions>
            <attribute-definition attribute-id="creditCardBirthdayDay">
                <display-name xml:lang="x-default">Credit Card Birthday Day</display-name>
                <type>string</type>
                <mandatory-flag>false</mandatory-flag>
                <externally-managed-flag>false</externally-managed-flag>
                <min-length>0</min-length>
            </attribute-definition>
            <attribute-definition attribute-id="creditCardBirthdayMonth">
                <display-name xml:lang="x-default">Credit Card Birthday Month</display-name>
                <type>string</type>
                <mandatory-flag>false</mandatory-flag>
                <externally-managed-flag>false</externally-managed-flag>
                <min-length>0</min-length>
            </attribute-definition>
            <attribute-definition attribute-id="creditCardBirthdayYear">
                <display-name xml:lang="x-default">Credit Card Birthday Year</display-name>
                <type>string</type>
                <mandatory-flag>false</mandatory-flag>
                <externally-managed-flag>false</externally-managed-flag>
                <min-length>0</min-length>
            </attribute-definition>
            <attribute-definition attribute-id="creditCardCVN">
                <display-name xml:lang="x-default">Credit Card CVN</display-name>
                <type>string</type>
                <mandatory-flag>false</mandatory-flag>
                <externally-managed-flag>false</externally-managed-flag>
                <min-length>0</min-length>
            </attribute-definition>
            <attribute-definition attribute-id="creditCardKanaName">
                <display-name xml:lang="en">Credit Card Kana Name</display-name>
                <type>string</type>
                <mandatory-flag>false</mandatory-flag>
                <externally-managed-flag>false</externally-managed-flag>
                <min-length>0</min-length>
            </attribute-definition>
            <attribute-definition attribute-id="creditCardLastKanaName">
                <display-name xml:lang="en">Credit Card Last Kana Name</display-name>
                <type>string</type>
                <mandatory-flag>false</mandatory-flag>
                <externally-managed-flag>false</externally-managed-flag>
                <min-length>0</min-length>
            </attribute-definition>
            <attribute-definition attribute-id="creditCardPhone">
                <display-name xml:lang="en">Credit Card Phone</display-name>
                <type>string</type>
                <mandatory-flag>false</mandatory-flag>
                <externally-managed-flag>false</externally-managed-flag>
                <min-length>0</min-length>
            </attribute-definition>
        </custom-attribute-definitions>
    </type-extension>
    
    <type-extension type-id="OrderPaymentInstrument">
        <custom-attribute-definitions>
            <attribute-definition attribute-id="CompanyCd">
                <display-name xml:lang="en">Company Cd</display-name>
                <type>string</type>
                <mandatory-flag>false</mandatory-flag>
                <externally-managed-flag>false</externally-managed-flag>
                <min-length>0</min-length>
            </attribute-definition>
            <attribute-definition attribute-id="creditCardBirthdayDay">
                <display-name xml:lang="en">Credit Card Birthday Day</display-name>
                <type>string</type>
                <mandatory-flag>false</mandatory-flag>
                <externally-managed-flag>false</externally-managed-flag>
                <min-length>0</min-length>
            </attribute-definition>
            <attribute-definition attribute-id="creditCardBirthdayMonth">
                <display-name xml:lang="en">Credit Card Birthday Month</display-name>
                <type>string</type>
                <mandatory-flag>false</mandatory-flag>
                <externally-managed-flag>false</externally-managed-flag>
                <min-length>0</min-length>
            </attribute-definition>
            <attribute-definition attribute-id="creditCardBirthdayYear">
                <display-name xml:lang="en">Credit Card Birthday Year</display-name>
                <type>string</type>
                <mandatory-flag>false</mandatory-flag>
                <externally-managed-flag>false</externally-managed-flag>
                <min-length>0</min-length>
            </attribute-definition>
            <attribute-definition attribute-id="creditCardKanaName">
                <display-name xml:lang="en">Credit Card Kana Name</display-name>
                <type>string</type>
                <mandatory-flag>false</mandatory-flag>
                <externally-managed-flag>false</externally-managed-flag>
                <min-length>0</min-length>
            </attribute-definition>
            <attribute-definition attribute-id="creditCardLastKanaName">
                <display-name xml:lang="en">Credit Card Last Kana Name</display-name>
                <type>string</type>
                <mandatory-flag>false</mandatory-flag>
                <externally-managed-flag>false</externally-managed-flag>
                <min-length>0</min-length>
            </attribute-definition>
            <attribute-definition attribute-id="creditCardName">
                <display-name xml:lang="en">Credit Card Name</display-name>
                <type>string</type>
                <mandatory-flag>false</mandatory-flag>
                <externally-managed-flag>false</externally-managed-flag>
                <min-length>0</min-length>
            </attribute-definition>
            <attribute-definition attribute-id="creditCardPhone">
                <display-name xml:lang="en">Credit Card Phone</display-name>
                <type>string</type>
                <mandatory-flag>false</mandatory-flag>
                <externally-managed-flag>false</externally-managed-flag>
                <min-length>0</min-length>
            </attribute-definition>
            <attribute-definition attribute-id="memberIsSaveCard">
                <display-name xml:lang="x-default">Member is save card </display-name>
                <type>boolean</type>
                <mandatory-flag>false</mandatory-flag>
                <externally-managed-flag>false</externally-managed-flag>
            </attribute-definition>
            <attribute-definition attribute-id="sonyPayType">
                <display-name xml:lang="x-default">Sony payment type</display-name>
                <type>string</type>
                <mandatory-flag>false</mandatory-flag>
                <externally-managed-flag>false</externally-managed-flag>
                <min-length>0</min-length>
            </attribute-definition>
        </custom-attribute-definitions>
    </type-extension>

    <type-extension type-id="Order">
        <custom-attribute-definitions>
            <attribute-definition attribute-id="kaiinId">
                <display-name xml:lang="x-default">Kaiin ID</display-name>
                <display-name xml:lang="en-US">Kaiin ID</display-name>
                <display-name xml:lang="ja-JP">Kaiin ID</display-name>
                <type>string</type>
                <mandatory-flag>false</mandatory-flag>
                <externally-managed-flag>false</externally-managed-flag>
                <min-length>0</min-length>
            </attribute-definition>
            <attribute-definition attribute-id="secureResponse">
                <display-name xml:lang="x-default">3D Secure Reponse</display-name>
                <display-name xml:lang="en">3D Secure Response</display-name>
                <type>text</type>
                <mandatory-flag>false</mandatory-flag>
                <externally-managed-flag>false</externally-managed-flag>
            </attribute-definition>
            <attribute-definition attribute-id="sonyPaymentStatusIsAuth">
                <display-name xml:lang="x-default">SONY Payment Status Is Authorization</display-name>
                <type>boolean</type>
                <mandatory-flag>false</mandatory-flag>
                <externally-managed-flag>false</externally-managed-flag>
            </attribute-definition>
            <attribute-definition attribute-id="sonyProcessId">
                <display-name xml:lang="x-default">SONY Process Id</display-name>
                <type>string</type>
                <mandatory-flag>false</mandatory-flag>
                <externally-managed-flag>false</externally-managed-flag>
                <min-length>0</min-length>
            </attribute-definition>
            <attribute-definition attribute-id="sonyProcessPass">
                <display-name xml:lang="x-default">SONY Process Pass</display-name>
                <type>string</type>
                <mandatory-flag>false</mandatory-flag>
                <externally-managed-flag>false</externally-managed-flag>
                <min-length>0</min-length>
            </attribute-definition>
        </custom-attribute-definitions>
        <group-definitions>
            <attribute-group group-id="sonyPaymentInfo">
                <display-name xml:lang="x-default">SONY Payment Infomation</display-name>
                <attribute attribute-id="sonyPaymentStatusIsAuth"/>
                <attribute attribute-id="sonyProcessId"/>
                <attribute attribute-id="sonyProcessPass"/>
                <attribute attribute-id="secureResponse"/>
            </attribute-group>
        </group-definitions>
    </type-extension>

    <type-extension type-id="PaymentTransaction">
        <custom-attribute-definitions>
            <attribute-definition attribute-id="CompanyCd">
                <display-name xml:lang="en">Company Cd</display-name>
                <type>string</type>
                <mandatory-flag>false</mandatory-flag>
                <externally-managed-flag>false</externally-managed-flag>
                <min-length>0</min-length>
            </attribute-definition>
        </custom-attribute-definitions>
    </type-extension>

    <type-extension type-id="SitePreferences">
        <custom-attribute-definitions>
            <attribute-definition attribute-id="3dManageCardPostURL">
                <display-name xml:lang="x-default">3D SECURE POST URL FOR CARD</display-name>
                <type>string</type>
                <mandatory-flag>false</mandatory-flag>
                <externally-managed-flag>false</externally-managed-flag>
                <min-length>0</min-length>
            </attribute-definition>
            <attribute-definition attribute-id="3dManageCardRedirectURL">
                <display-name xml:lang="x-default">3D SECURE REDIRECT URL FOR CARD</display-name>
                <type>string</type>
                <mandatory-flag>false</mandatory-flag>
                <externally-managed-flag>false</externally-managed-flag>
                <min-length>0</min-length>
            </attribute-definition>
            <attribute-definition attribute-id="3dSecurePostURL">
                <display-name xml:lang="x-default">3D SECURE POST URL FOR CHECKOUT</display-name>
                <type>string</type>
                <mandatory-flag>false</mandatory-flag>
                <externally-managed-flag>false</externally-managed-flag>
                <min-length>0</min-length>
            </attribute-definition>
            <attribute-definition attribute-id="3dSecureRedirectURL">
                <display-name xml:lang="x-default">3D SECURE REDIRECT URL FOR CHECKOUT</display-name>
                <display-name xml:lang="en">3D Secure Redirect Url</display-name>
                <type>string</type>
                <mandatory-flag>false</mandatory-flag>
                <externally-managed-flag>false</externally-managed-flag>
                <min-length>0</min-length>
            </attribute-definition>
            <attribute-definition attribute-id="3dSecureURL">
                <display-name xml:lang="x-default">3D SECURE API URL</display-name>
                <type>string</type>
                <mandatory-flag>false</mandatory-flag>
                <externally-managed-flag>false</externally-managed-flag>
                <min-length>0</min-length>
            </attribute-definition>
            <attribute-definition attribute-id="AESSecretKey">
                <display-name xml:lang="x-default">AES SECRET KEY</display-name>
                <display-name xml:lang="en">AES Encode/Decode Secret Key</display-name>
                <type>string</type>
                <mandatory-flag>false</mandatory-flag>
                <externally-managed-flag>false</externally-managed-flag>
                <min-length>0</min-length>
                <default-value>bLYehRMqBVzYx3Zy</default-value>
            </attribute-definition>
            <attribute-definition attribute-id="AESVector">
                <display-name xml:lang="x-default">AES VECTOR</display-name>
                <display-name xml:lang="en">AES Encode/Decode Vector</display-name>
                <type>string</type>
                <mandatory-flag>false</mandatory-flag>
                <externally-managed-flag>false</externally-managed-flag>
                <min-length>0</min-length>
                <default-value>aJAwGF7LRZ67WdFJ</default-value>
            </attribute-definition>
            <attribute-definition attribute-id="sony_authorization_mode_only">
                <display-name xml:lang="x-default">SONY AUTHORIZATION MODE ONLY</display-name>
                <type>boolean</type>
                <mandatory-flag>false</mandatory-flag>
                <externally-managed-flag>false</externally-managed-flag>
                <default-value>false</default-value>
            </attribute-definition>
            <attribute-definition attribute-id="sony_enable_3dsecure">
                <display-name xml:lang="x-default">ENABLE 3D SECURE</display-name>
                <display-name xml:lang="en">SONY ENABLE 3DSECURE</display-name>
                <type>boolean</type>
                <mandatory-flag>false</mandatory-flag>
                <externally-managed-flag>false</externally-managed-flag>
            </attribute-definition>
            <attribute-definition attribute-id="sony_enable_card_attributes">
                <display-name xml:lang="x-default">ENABLE BIRTHDAY CARD, KANA NAMES AND PHONE</display-name>
                <display-name xml:lang="en">ENABLE DATE OF BIRTH, KANA NAMES AND PHONE</display-name>
                <type>boolean</type>
                <mandatory-flag>false</mandatory-flag>
                <externally-managed-flag>false</externally-managed-flag>
            </attribute-definition>
            <attribute-definition attribute-id="sony_enable_catridge">
                <display-name xml:lang="x-default">ENABLE SONY PAYMENT CATRIDGE</display-name>
                <type>boolean</type>
                <mandatory-flag>false</mandatory-flag>
                <externally-managed-flag>false</externally-managed-flag>
                <default-value>false</default-value>
            </attribute-definition>
            <attribute-definition attribute-id="sony_merchantFree">
                <display-name xml:lang="x-default">SONY MERCHANT FREE AREA 1</display-name>
                <type>string</type>
                <mandatory-flag>false</mandatory-flag>
                <externally-managed-flag>false</externally-managed-flag>
                <min-length>0</min-length>
            </attribute-definition>
            <attribute-definition attribute-id="sony_merchantFree2">
                <display-name xml:lang="x-default">SONY MERCHANT FREE AREA 2</display-name>
                <display-name xml:lang="en">SONY MERCHANT FREE AREA 2</display-name>
                <type>string</type>
                <mandatory-flag>false</mandatory-flag>
                <externally-managed-flag>false</externally-managed-flag>
                <min-length>0</min-length>
            </attribute-definition>
            <attribute-definition attribute-id="sony_merchantID">
                <display-name xml:lang="x-default">SONY MERCHANT ID</display-name>
                <type>string</type>
                <mandatory-flag>true</mandatory-flag>
                <externally-managed-flag>false</externally-managed-flag>
                <min-length>0</min-length>
            </attribute-definition>
            <attribute-definition attribute-id="sony_merchantPW">
                <display-name xml:lang="x-default">SONY MERCHANT PW</display-name>
                <type>string</type>
                <mandatory-flag>true</mandatory-flag>
                <externally-managed-flag>false</externally-managed-flag>
                <min-length>0</min-length>
            </attribute-definition>
            <attribute-definition attribute-id="sony_number_of_credit_card">
                <display-name xml:lang="x-default">SONY NUMBER OF CREDIT CARD</display-name>
                <type>int</type>
                <mandatory-flag>true</mandatory-flag>
                <externally-managed-flag>false</externally-managed-flag>
                <min-value>1.0</min-value>
                <max-value>6.0</max-value>
            </attribute-definition>
            <attribute-definition attribute-id="sony_save_card_mode">
                <display-name xml:lang="x-default">SONY SAVE CARD MODE</display-name>
                <type>boolean</type>
                <mandatory-flag>false</mandatory-flag>
                <externally-managed-flag>false</externally-managed-flag>
            </attribute-definition>
            <attribute-definition attribute-id="sony_storeCode">
                <display-name xml:lang="x-default">SONY PAYMENT STORE CODE</display-name>
                <type>string</type>
                <mandatory-flag>false</mandatory-flag>
                <externally-managed-flag>false</externally-managed-flag>
                <min-length>0</min-length>
            </attribute-definition>
            <attribute-definition attribute-id="tokenServiceURL">
                <display-name xml:lang="x-default">TOKEN SERVICE URL</display-name>
                <type>string</type>
                <mandatory-flag>false</mandatory-flag>
                <externally-managed-flag>false</externally-managed-flag>
                <min-length>0</min-length>
            </attribute-definition>
            <attribute-definition attribute-id="tokenSettlementAuthenticationCode">
                <display-name xml:lang="x-default">TOKEN SETTLEMENT AUTHENTICATION CODE</display-name>
                <display-name xml:lang="en">TOKEN SETTLEMENT AUTHENTICATION CODE</display-name>
                <type>string</type>
                <mandatory-flag>false</mandatory-flag>
                <externally-managed-flag>false</externally-managed-flag>
                <min-length>0</min-length>
            </attribute-definition>
        </custom-attribute-definitions>
        <group-definitions>
            <attribute-group group-id="sonypayment">
                <display-name xml:lang="x-default">Sony Payment Configurations</display-name>
                <attribute attribute-id="sony_merchantID"/>
                <attribute attribute-id="sony_merchantPW"/>
                <attribute attribute-id="sony_authorization_mode_only"/>
                <attribute attribute-id="sony_number_of_credit_card"/>
                <attribute attribute-id="sony_save_card_mode"/>
                <attribute attribute-id="sony_enable_catridge"/>                  
                <attribute attribute-id="sony_merchantFree"/>                     
                <attribute attribute-id="sony_merchantFree2"/>                     
                <attribute attribute-id="sony_storeCode"/>                         
                <attribute attribute-id="tokenSettlementAuthenticationCode"/>
                <attribute attribute-id="tokenServiceURL"/>                        
                <attribute attribute-id="sony_enable_3dsecure"/>                   
                <attribute attribute-id="AESVector"/>                              
                <attribute attribute-id="AESSecretKey"/>                           
                <attribute attribute-id="sony_enable_card_attributes"/>            
                <attribute attribute-id="3dManageCardRedirectURL"/>                
                <attribute attribute-id="3dManageCardPostURL"/>                   
                <attribute attribute-id="3dSecureRedirectURL"/>                   
                <attribute attribute-id="3dSecurePostURL"/>                       
                <attribute attribute-id="3dSecureURL"/>                       
            </attribute-group>
        </group-definitions>
    </type-extension>

</metadata>
